NUESP,ESP,RL_2022
59555,Aglaoapis tridentata,VU
59703,Amegilla albigena,VU
59712,Amegilla garrula,VU
59717,Amegilla quadrifasciata,RE
59830,Amegilla salviae,RE
59700,Ammobates punctatus,CR
59100,Andrena aeneiventris,VU
59238,Andrena afrensis,VU
59179,Andrena afzeliella,LC
59101,Andrena agilissima,EN
59102,Andrena alfkenella,NT
59103,Andrena allosa,LC
59235,Andrena alutacea,LC
59113,Andrena amieti,LC
59240,Andrena ampla,LC
59106,Andrena apicata,LC
59107,Andrena argentata,CR
59108,Andrena assimilis,RE
59230,Andrena barbareae,LC
59109,Andrena barbilabris,NT
59110,Andrena bicolor,LC
59111,Andrena bimaculata,VU
59112,Andrena bucephala,LC
59114,Andrena chrysopus,EN
59116,Andrena chrysosceles,LC
59117,Andrena cineraria,LC
59118,Andrena clarkella,LC
59119,Andrena coitana,LC
59120,Andrena combinata,NT
59154,Andrena confinis,VU
59121,Andrena congruens,NT
59122,Andrena curvungula,NT
59123,Andrena decipiens,RE
59124,Andrena denticulata,VU
59125,Andrena distinguenda,CR
59126,Andrena dorsata,LC
59129,Andrena falsifica,LC
59130,Andrena ferox,VU
59244,Andrena flavilabris,RE
59131,Andrena flavipes,LC
59132,Andrena florea,NT
59133,Andrena floricola,EN
59134,Andrena florivaga,LC
59204,Andrena freygessneri,NT
59135,Andrena fucata,LC
59136,Andrena fulva,LC
59137,Andrena fulvago,LC
59138,Andrena fulvata,LC
59242,Andrena fulvicornis,VU
59139,Andrena fulvida,VU
59140,Andrena fuscipes,EN
59141,Andrena fuscosa,RE
59142,Andrena gelriae,VU
59144,Andrena gravida,LC
59145,Andrena haemorrhoa,LC
59146,Andrena hattorfiana,NT
59147,Andrena helvola,LC
59148,Andrena hesperia,VU
59149,Andrena humilis,LC
59150,Andrena hypopolia,RE
59152,Andrena incisa,RE
59153,Andrena intermedia,LC
59155,Andrena labialis,LC
59156,Andrena labiata,LC
59157,Andrena lagopus,LC
59158,Andrena lapponica,LC
59159,Andrena lathyri,LC
59160,Andrena lepida,RE
59161,Andrena limata,VU
59232,Andrena livens,RE
59162,Andrena marginata,EN
59163,Andrena minutula,LC
59164,Andrena minutuloides,LC
59165,Andrena mitis,NT
59166,Andrena montana,LC
59233,Andrena mucida,RE
59168,Andrena nana,VU
59169,Andrena nanula,EN
59172,Andrena nigroaenea,LC
59173,Andrena nigroolivacea,LC
59949,Andrena nigrospina,RE
59174,Andrena nitida,LC
59175,Andrena nitidiuscula,VU
59176,Andrena niveata,EN
59177,Andrena nuptialis,VU
59178,Andrena nycthemera,RE
59245,Andrena ovata,NE
59180,Andrena pallitarsis,EN
59181,Andrena pandellei,VU
59182,Andrena parviceps,VU
59951,Andrena pauxilla,RE
59241,Andrena pellucens,DD
59234,Andrena pilipes,EN
59184,Andrena polita,VU
59185,Andrena potentillae,EN
59186,Andrena praecox,LC
59187,Andrena probata,EN
59188,Andrena propinqua,VU
59189,Andrena proxima,LC
59190,Andrena pusilla,VU
59191,Andrena ranunculorum,EN
59193,Andrena rhenana,EN
59194,Andrena rogenhoferi,LC
59195,Andrena rosae,LC
59196,Andrena ruficrus,LC
59197,Andrena rufizona,VU
59198,Andrena rufula,LC
59199,Andrena rugulosa,EN
59203,Andrena russula,VU
59447,Andrena saxonica,EN
59201,Andrena schencki,VU
59231,Andrena scotica,LC
59200,Andrena semilaevis,LC
59202,Andrena sericata,RE
59205,Andrena simillima,EN
59237,Andrena simontornyella,NT
59206,Andrena strohmella,LC
59207,Andrena subopaca,LC
59208,Andrena suerinensis,EN
59209,Andrena symphyti,EN
59210,Andrena synadelpha,VU
59211,Andrena taraxaci,NT
59212,Andrena tarsata,NT
59243,Andrena tenuistriata,NE
59213,Andrena thoracica,VU
59214,Andrena tibialis,LC
59236,Andrena tridentata,RE
59215,Andrena trimmerana,LC
59216,Andrena tscheki,RE
59217,Andrena vaga,LC
59218,Andrena varians,EN
59219,Andrena ventralis,LC
59220,Andrena viridescens,LC
59221,Andrena vulpecula,EN
59222,Andrena wilkella,LC
59532,Anthidiellum strigatum,LC
59521,Anthidium cingulatum,RE
59650,Anthidium florentinum,LC
59525,Anthidium loti,DD
59526,Anthidium manicatum,LC
59527,Anthidium montanum,LC
59528,Anthidium oblongatum,LC
59529,Anthidium punctatum,LC
59531,Anthidium septemspinosum,VU
59702,Anthophora aestivalis,LC
59704,Anthophora balneorum,EN
59706,Anthophora bimaculata,CR
59714,Anthophora canescens,RE
59708,Anthophora crassipes,EN
59709,Anthophora crinipes,NT
59701,Anthophora dispar,NE
59710,Anthophora fulvitarsis,RE
59711,Anthophora furcata,LC
59713,Anthophora mucida,VU
59715,Anthophora plagiata,EN
59826,Anthophora plumipes,LC
59716,Anthophora pubescens,EN
59718,Anthophora quadrimaculata,NT
59719,Anthophora retusa,VU
59900,Apis mellifera,NE
59721,Biastes emarginatus,EN
59722,Biastes truncatus,VU
59901,Bombus alpinus,NT
59902,Bombus argillaceus,VU
59937,Bombus barbutellus,LC
59938,Bombus bohemicus,LC
59939,Bombus campestris,LC
59904,Bombus confusus,RE
59905,Bombus cryptarum,LC
59907,Bombus distinguendus,CR
59940,Bombus flavidus,NT
59908,Bombus gerstaeckeri,LC
59909,Bombus hortorum,LC
59910,Bombus humilis,LC
59911,Bombus hypnorum,LC
59912,Bombus inexspectatus,NT
59913,Bombus jonellus,LC
59915,Bombus lapidarius,LC
59917,Bombus lucorum,LC
59947,Bombus magnus,RE
59918,Bombus mendax,LC
59919,Bombus mesomelas,LC
59920,Bombus monticola,LC
59921,Bombus mucidus,LC
59922,Bombus muscorum,CR
59942,Bombus norvegicus,LC
59923,Bombus pascuorum,LC
59925,Bombus pomorum,RE
59926,Bombus pratorum,LC
59927,Bombus pyrenaeus,LC
59943,Bombus quadricolor,LC
59928,Bombus ruderarius,LC
59929,Bombus ruderatus,LC
59944,Bombus rupestris,LC
59930,Bombus sichelii,LC
59931,Bombus soroeensis,LC
59932,Bombus subterraneus,NT
59933,Bombus sylvarum,LC
59945,Bombus sylvestris,LC
59934,Bombus terrestris,LC
59946,Bombus vestalis,LC
59935,Bombus veteranus,EN
59936,Bombus wurflenii,LC
59831,Ceratina chalcites,VU
59825,Ceratina chalybea,LC
59724,Ceratina cucurbitina,LC
59725,Ceratina cyanea,LC
59833,Ceratina gravidula,LC
59832,Ceratina nigrolabiata,NE
59533,Chelostoma campanularum,LC
59534,Chelostoma distinctum,LC
59535,Chelostoma emarginatum,CR
59536,Chelostoma florisomne,LC
59537,Chelostoma foveolatum,NT
59539,Chelostoma grande,VU
59538,Chelostoma rapunculi,LC
59540,Coelioxys afra,LC
59541,Coelioxys alata,EN
59542,Coelioxys aurolimbata,NT
59551,Coelioxys conica,LC
59544,Coelioxys conoidea,VU
59553,Coelioxys echinata,NT
59545,Coelioxys elongata,LC
59546,Coelioxys emarginata,RE
59547,Coelioxys inermis,LC
59548,Coelioxys lanceolata,NT
59549,Coelioxys mandibularis,LC
59552,Coelioxys rufescens,LC
59000,Colletes collaris,RE
59001,Colletes cunicularius,LC
59002,Colletes daviesanus,NT
59003,Colletes floralis,VU
59004,Colletes fodiens,EN
59005,Colletes gallicus,RE
59007,Colletes hederae,LC
59009,Colletes impunctatus,LC
59011,Colletes marginatus,EN
59012,Colletes mlokossewiczi,EN
59014,Colletes nigricans,VU
59015,Colletes sierrensis,EN
59016,Colletes similis,LC
59017,Colletes succinctus,VU
59500,Dasypoda argentata,CR
59501,Dasypoda hirtipes,VU
59554,Dioxys cincta,EN
59300,Dufourea alpina,LC
59301,Dufourea dentiventris,LC
59302,Dufourea halictula,EN
59303,Dufourea inermis,EN
59304,Dufourea minuta,VU
59305,Dufourea paradoxa,LC
59726,Epeoloides coecutiens,LC
59727,Epeolus alpinus,LC
59728,Epeolus cruciger,LC
59846,Epeolus fallax,NE
59735,Epeolus productulus,CR
59731,Epeolus variegatus,LC
59733,Eucera interrupta,VU
59734,Eucera longicornis,LC
59828,Eucera nigrescens,LC
59841,Eucera nigrifacies,NE
59837,Eucera pollinosa,DD
59306,Halictus carinthiacus,VU
59445,Halictus confusus,NT
59310,Halictus eurygnathus,NT
59950,Halictus fulvipes,RE
59312,Halictus kessleri,RE
59313,Halictus langobardicus,LC
59314,Halictus leucaheneus,EN
59315,Halictus maculatus,LC
59316,Halictus quadricinctus,VU
59317,Halictus rubicundus,LC
59318,Halictus scabiosae,LC
59319,Halictus seladonius,EN
59320,Halictus sexcinctus,NT
59321,Halictus simplex,LC
59323,Halictus subauratus,LC
59450,Halictus submediterraneus,VU
59324,Halictus tectus,RE
59325,Halictus tumulorum,LC
59556,Heriades crenulatus,NT
59655,Heriades rubicola,DD
59558,Heriades truncorum,LC
59584,Hoplitis acuticornis,CR
59585,Hoplitis adunca,LC
59589,Hoplitis anthocopoides,VU
59596,Hoplitis claviventris,LC
59598,Hoplitis dalmatica,EN
59606,Hoplitis lepeletieri,LC
59607,Hoplitis leucomelana,LC
59609,Hoplitis loti,LC
59612,Hoplitis mitis,NT
59616,Hoplitis papaveris,RE
59656,Hoplitis praestans,CR
59619,Hoplitis ravouxi,VU
59620,Hoplitis robusta,LC
59613,Hoplitis stecki,RE
59627,Hoplitis tridentata,VU
59628,Hoplitis tuberculata,LC
59631,Hoplitis villosa,LC
59018,Hylaeus alpinus,LC
59019,Hylaeus angustatus,NT
59021,Hylaeus annulatus,LC
59022,Hylaeus bifasciatus,RE
59023,Hylaeus brevicornis,LC
59062,Hylaeus cardioscapus,VU
59024,Hylaeus clypearis,LC
59025,Hylaeus communis,LC
59026,Hylaeus confusus,LC
59027,Hylaeus cornutus,LC
59028,Hylaeus crassanus,CR
59029,Hylaeus difformis,LC
59020,Hylaeus dilatatus,LC
59030,Hylaeus duckei,VU
59031,Hylaeus euryscapus,RE
59032,Hylaeus gibbus,LC
59033,Hylaeus glacialis,VU
59035,Hylaeus gredleri,LC
59036,Hylaeus hyalinatus,LC
59061,Hylaeus incongruus,LC
59059,Hylaeus intermedius,LC
59037,Hylaeus kahri,LC
59039,Hylaeus leptocephalus,LC
59042,Hylaeus moricei,EN
59043,Hylaeus nigritus,LC
59044,Hylaeus nivalis,LC
59038,Hylaeus paulus,LC
59045,Hylaeus pectoralis,EN
59046,Hylaeus pfankuchi,VU
59047,Hylaeus pictipes,LC
59048,Hylaeus pilosulus,CR
59049,Hylaeus punctatus,LC
59050,Hylaeus punctulatissimus,VU
59051,Hylaeus rinki,LC
59052,Hylaeus signatus,LC
59053,Hylaeus sinuatus,LC
59054,Hylaeus styriacus,LC
59055,Hylaeus taeniolatus,LC
59056,Hylaeus tyrolensis,VU
59057,Hylaeus variegatus,VU
59523,Icteranthidium laterale,EN
59326,Lasioglossum aeratum,VU
59327,Lasioglossum albipes,LC
59328,Lasioglossum albocinctum,VU
59329,Lasioglossum alpigenum,LC
59330,Lasioglossum angusticeps,DD
59331,Lasioglossum bavaricum,LC
59332,Lasioglossum bluethgeni,LC
59333,Lasioglossum brevicorne,VU
59334,Lasioglossum breviventre,EN
59335,Lasioglossum buccale,VU
59336,Lasioglossum calceatum,LC
59337,Lasioglossum clypeare,EN
59338,Lasioglossum convexiusculum,VU
59340,Lasioglossum costulatum,NT
59341,Lasioglossum cupromicans,LC
59342,Lasioglossum discum,VU
59343,Lasioglossum elegans,EN
59344,Lasioglossum euboeense,EN
59345,Lasioglossum fratellum,LC
59346,Lasioglossum fulvicorne,LC
59347,Lasioglossum glabriusculum,LC
59348,Lasioglossum griseolum,VU
59349,Lasioglossum intermedium,VU
59350,Lasioglossum interruptum,LC
59352,Lasioglossum laeve,EN
59353,Lasioglossum laevidorsum,EN
59354,Lasioglossum laevigatum,LC
59355,Lasioglossum laterale,DD
59356,Lasioglossum laticeps,LC
59357,Lasioglossum lativentre,LC
59358,Lasioglossum leucopus,LC
59359,Lasioglossum leucozonium,LC
59360,Lasioglossum limbellum,VU
59361,Lasioglossum lineare,NT
59362,Lasioglossum lissonotum,VU
59363,Lasioglossum lucidulum,LC
59364,Lasioglossum majus,VU
59365,Lasioglossum malachurum,LC
59366,Lasioglossum marginatum,LC
59367,Lasioglossum marginellum,EN
59451,Lasioglossum medinai,DD
59368,Lasioglossum minutissimum,LC
59369,Lasioglossum minutulum,VU
59441,Lasioglossum monstrificum,NT
59370,Lasioglossum morio,LC
59371,Lasioglossum nigripes,LC
59372,Lasioglossum nitidiusculum,LC
59373,Lasioglossum nitidulum,LC
59374,Lasioglossum pallens,LC
59375,Lasioglossum parvulum,LC
59376,Lasioglossum pauperatum,RE
59377,Lasioglossum pauxillum,LC
59378,Lasioglossum peregrinum,RE
59444,Lasioglossum pleurospeculum,EN
59443,Lasioglossum podolicum,VU
59379,Lasioglossum politum,LC
59381,Lasioglossum punctatissimum,LC
59382,Lasioglossum puncticolle,NT
59383,Lasioglossum pygmaeum,NT
59384,Lasioglossum quadrinotatulum,EN
59385,Lasioglossum quadrinotatum,RE
59386,Lasioglossum quadrisignatum,EN
59387,Lasioglossum rufitarse,LC
59388,Lasioglossum semilucens,LC
59389,Lasioglossum setulosum,EN
59390,Lasioglossum sexmaculatum,RE
59391,Lasioglossum sexnotatum,VU
59392,Lasioglossum sexstrigatum,NT
59395,Lasioglossum subfasciatum,NT
59396,Lasioglossum subfulvicorne,LC
59397,Lasioglossum subhirtum,DD
59398,Lasioglossum tarsatum,EN
59439,Lasioglossum transitorium,EN
59399,Lasioglossum tricinctum,LC
59400,Lasioglossum villosulum,LC
59401,Lasioglossum xanthopus,VU
59402,Lasioglossum zonulum,LC
59559,Lithurgus chrysurus,VU
59512,Macropis europaea,LC
59503,Macropis fulvipes,LC
59560,Megachile alpicola,LC
59561,Megachile analis,NT
59562,Megachile apicalis,EN
59578,Megachile argentata,LC
59563,Megachile centuncularis,LC
59564,Megachile circumcincta,LC
59566,Megachile ericetorum,LC
59567,Megachile flabellipes,EN
59568,Megachile genalis,CR
59569,Megachile lagopoda,VU
59570,Megachile lapponica,LC
59571,Megachile leachella,EN
59572,Megachile ligniseca,NT
59573,Megachile maritima,VU
59574,Megachile melanopyga,NT
59575,Megachile nigriventris,LC
59576,Megachile parietina,VU
59577,Megachile pilicrus,VU
59579,Megachile pyrenaea,VU
59580,Megachile pyrenaica,VU
59581,Megachile rotundata,LC
59592,Megachile sculpturalis,NE
59582,Megachile versicolor,LC
59583,Megachile willughbiella,LC
59738,Melecta albifrons,LC
59736,Melecta festiva,EN
59737,Melecta luctuosa,VU
59505,Melitta dimidiata,EN
59506,Melitta haemorrhoidalis,LC
59507,Melitta leporina,LC
59508,Melitta nigricans,NT
59509,Melitta tricincta,VU
59223,Melitturga clavicornis,VU
59739,Nomada alboguttata,VU
59740,Nomada argentata,EN
59741,Nomada armata,VU
59742,Nomada atroscutellaris,LC
59836,Nomada baccata,RE
59745,Nomada bifasciata,LC
59747,Nomada bispinosa,RE
59748,Nomada blepharipes,CR
59749,Nomada bluethgeni,RE
59750,Nomada braunsiana,VU
59751,Nomada carnifex,RE
59752,Nomada castellana,NT
59753,Nomada chrysopyga,RE
59754,Nomada confinis,RE
59755,Nomada conjungens,NT
59756,Nomada connectens,RE
59757,Nomada discrepans,RE
59758,Nomada distinguenda,NT
59759,Nomada emarginata,VU
59760,Nomada errans,EN
59761,Nomada fabriciana,LC
59762,Nomada facilis,LC
59763,Nomada femoralis,VU
59764,Nomada ferruginata,VU
59765,Nomada flava,LC
59838,Nomada flavilabris,RE
59766,Nomada flavoguttata,LC
59767,Nomada flavopicta,LC
59744,Nomada fucata,LC
59827,Nomada fulvicornis,LC
59768,Nomada furva,EN
59770,Nomada fuscicornis,NT
59771,Nomada goodeniana,LC
59772,Nomada gransassoi,NT
59773,Nomada guttulata,NT
59774,Nomada hirtipes,LC
59775,Nomada integra,LC
59776,Nomada italica,RE
59777,Nomada kohli,VU
59778,Nomada lathburiana,LC
59779,Nomada leucophthalma,LC
59840,Nomada linsenmaieri,EN
59781,Nomada marshamella,LC
59782,Nomada melathoracica,CR
59843,Nomada minuscula,DD
59783,Nomada moeschleri,LC
59784,Nomada mutabilis,EN
59785,Nomada mutica,EN
59786,Nomada nobilis,EN
59787,Nomada obscura,LC
59788,Nomada obtusifrons,LC
59789,Nomada opaca,RE
59790,Nomada panurgina,RE
59769,Nomada panzeri,LC
59792,Nomada piccioliana,EN
59793,Nomada pleurosticta,EN
59794,Nomada posthuma,VU
59795,Nomada rhenana,CR
59796,Nomada roberjeotiana,RE
59746,Nomada ruficornis,LC
59797,Nomada rufipes,VU
59798,Nomada sexfasciata,LC
59799,Nomada sheppardana,LC
59800,Nomada signata,LC
59801,Nomada similis,VU
59802,Nomada stigma,EN
59803,Nomada striata,NT
59804,Nomada succincta,LC
59845,Nomada tormentillae,VU
59806,Nomada tridentirostris,RE
59808,Nomada villosa,VU
59809,Nomada zonata,LC
59586,Osmia alticola,NT
59587,Osmia anceyi,EN
59588,Osmia andrenoides,VU
59590,Osmia aurulenta,LC
59591,Osmia bicolor,LC
59621,Osmia bicornis,LC
59593,Osmia brevicornis,VU
59594,Osmia caerulescens,LC
59597,Osmia cornuta,LC
59600,Osmia gallarum,LC
59601,Osmia inermis,LC
59602,Osmia labialis,LC
59604,Osmia latreillei,RE
59605,Osmia leaiana,LC
59608,Osmia ligurica,RE
59614,Osmia mustelina,LC
59615,Osmia nigriventris,VU
59648,Osmia niveata,NT
59617,Osmia parietina,LC
59618,Osmia pilicornis,EN
59622,Osmia rufohirta,VU
59623,Osmia scutellaris,EN
59624,Osmia spinulosa,VU
59659,Osmia steinmanni,NT
59625,Osmia submicans,NT
59626,Osmia tergestensis,EN
59629,Osmia uncinata,NT
59645,Osmia viridana,EN
59632,Osmia xanthomelana,LC
59239,Panurginus herzi,LC
59226,Panurginus montanus,LC
59224,Panurginus sericatus,LC
59227,Panurgus banksianus,LC
59228,Panurgus calcaratus,LC
59229,Panurgus dentipes,VU
59810,Pasites maculatus,LC
59649,Protosmia minutula,VU
59404,Pseudapis diversipes,LC
59647,Pseudoanthidium nanum,VU
59520,Rhodanthidium caturigense,EN
59530,Rhodanthidium septemdentatum,VU
59406,Rhophitoides canus,EN
59407,Rophites algirus,VU
59408,Rophites quinquespinosus,EN
59409,Sphecodes albilabris,LC
59410,Sphecodes alternatus,VU
59411,Sphecodes crassanus,RE
59412,Sphecodes crassus,LC
59413,Sphecodes cristatus,EN
59414,Sphecodes croaticus,NT
59415,Sphecodes dusmeti,CR
59416,Sphecodes ephippius,LC
59417,Sphecodes ferruginatus,LC
59418,Sphecodes geoffrellus,LC
59419,Sphecodes gibbus,LC
59420,Sphecodes hyalinatus,LC
59421,Sphecodes longulus,LC
59422,Sphecodes majalis,NT
59423,Sphecodes marginatus,RE
59424,Sphecodes miniatus,NT
59425,Sphecodes monilicornis,LC
59426,Sphecodes niger,LC
59427,Sphecodes pellucidus,VU
59428,Sphecodes pseudofasciatus,LC
59429,Sphecodes puncticeps,LC
59430,Sphecodes reticulatus,NT
59431,Sphecodes rubicundus,NT
59432,Sphecodes ruficrus,LC
59433,Sphecodes rufiventris,NT
59434,Sphecodes scabricollis,LC
59435,Sphecodes schenckii,LC
59436,Sphecodes spinulosus,EN
59448,Sphecodes zangherii,VU
59633,Stelis annulata,RE
59634,Stelis breviuscula,LC
59635,Stelis franconica,VU
59636,Stelis minima,LC
59637,Stelis minuta,LC
59638,Stelis nasuta,EN
59639,Stelis odontopyga,EN
59640,Stelis ornatula,LC
59641,Stelis phaeoptera,VU
59642,Stelis punctulatissima,LC
59643,Stelis signata,LC
59660,Stelis simillima,EN
59437,Systropha curvicornis,VU
59438,Systropha planidens,RE
59811,Tetralonia alticincta,CR
59812,Tetralonia dentata,EN
59835,Tetralonia fulvescens,EN
59813,Tetralonia hungarica,RE
59839,Tetralonia inulae,CR
59814,Tetralonia macroglossa,VU
59842,Tetralonia pollinosa,RE
59815,Tetralonia salicariae,VU
59817,Thyreus hirtus,VU
59818,Thyreus histrionicus,CR
59819,Thyreus orbatus,VU
59820,Thyreus ramosus,EN
59821,Thyreus truncatus,CR
59644,Trachusa byssina,LC
59522,Trachusa interrupta,CR
59730,Triepeolus tristis,CR
59822,Xylocopa iris,VU
59823,Xylocopa valga,LC
59824,Xylocopa violacea,LC
